{"Mean":{"confidence_interval":{"confidence_level":0.95,"lower_bound":269.7651888103404,"upper_bound":275.57955087203777},"point_estimate":272.21440386591576,"standard_error":1.5123148727860716},"Median":{"confidence_interval":{"confidence_level":0.95,"lower_bound":268.4791676408698,"upper_bound":269.9259706959707},"point_estimate":269.33717941738144,"standard_error":0.32624291398204713},"MedianAbsDev":{"confidence_interval":{"confidence_level":0.95,"lower_bound":2.279714651725379,"upper_bound":4.104327268729195},"point_estimate":3.16530627132079,"standard_error":0.4729779064549024},"Slope":{"confidence_interval":{"confidence_level":0.95,"lower_bound":268.5929593184095,"upper_bound":271.30257773239055},"point_estimate":269.709617472154,"standard_error":0.7076776375570902},"StdDev":{"confidence_interval":{"confidence_level":0.95,"lower_bound":4.418758688967308,"upper_bound":23.99177645810079},"point_estimate":15.22487696064214,"standard_error":5.299254461118059}}