{"Mean":{"confidence_interval":{"confidence_level":0.95,"lower_bound":-0.019835530973668195,"upper_bound":0.006110144110666107},"point_estimate":-0.00764385103177001,"standard_error":0.0065355283692724005},"Median":{"confidence_interval":{"confidence_level":0.95,"lower_bound":-0.012670621589575215,"upper_bound":0.0024503243836568878},"point_estimate":-0.0041741140684923295,"standard_error":0.0038451105786370164}}